Позиция,Заголовок,Цена,Город,Описание,№ объявления,Ссылка,Фото
1,Доска обрезная 25х100х6000 1 сорт,18 000 ₽,"Ленинградская обл., Ломоносовский р-н, Аннинское городское поселение",5 завершённых объявлений,8124593757,https://www.avito.ru/annino/remont_i_stroitelstvo/doska_obreznaya_25h100h6000_1_sort_8124593757,https://40.img.avito.st/image/1/1.XAEGAraA8OgQolLpMndaDyOi8uy0tfTotNKR7LQB8UqzofTyEKJS6bA.BwJKL1E_biN1IVjIZxj-sUf9Fh_Qtu0BI6vXzf-WRa8
2,"Доска обрезная, брус",13 500 ₽,Санкт-Петербург,Пиломатериалы напрямую от производителя. Бесплатная доставка по городу и области при заказе от объёма. Скидка — От 1 до,7313490160,https://www.avito.ru/sankt-peterburg/remont_i_stroitelstvo/doska_obreznaya_brus_7313490160,https://20.img.avito.st/image/1/1.4AtSc7aATOJE0-7jHmibF3DTTubgxEji4KMt5uBwTUDn0Ej4RNPu4-Q.fi-4qibnRTr9DU6GTb16ds7ESKtjoW1s6mHjJSjHybU
3,Доска обрезная сухая. Брус сухой. Пиломатериалы,345 ₽,"Санкт-Петербург, пос. Парголово",Пиломатериалы от компании производителя «Эко Лес». Доставим пиломатериалы по Санкт-петербургу и Ленинградской области. М,7351631610,https://www.avito.ru/sankt-peterburg/remont_i_stroitelstvo/doska_obreznaya_suhaya._brus_suhoy._pilomaterialy_7351631610,https://50.img.avito.st/image/1/1.LcUqqraAgSw8CiMtfLJk8xAKgyiYHYUsmHrgKJipgI6fCYU2PAojLZw.2pzTTQNJ8NiVsFpUWIbDvAB97hcBQuGm7NwiQUuIQSA
4,"Доска обрезная, брус, пиломатериалы",12 000 ₽,"Челябинская обл., Челябинск","Доска, пиломатериалы.  Доска, пиломатериалы в Челябинске!  Оптовые и розничные продажи пиломатериала по всей территории",2406195595,https://www.avito.ru/chelyabinsk/remont_i_stroitelstvo/doska_obreznaya_brus_pilomaterialy_2406195595,https://40.img.avito.st/image/1/1.EZeTg7aAvX6FIx9_vdckt6Yjv3ohNLl-IVPceiGAvNwmILlkhSMffyU.rKQccQblg-0_x7HBtmLnN5xb5zV4kace4rl_ZmHBnj4
5,Доска обрезная сорт 1 / Обрезная доска сорт 2,7 500 ₽,Москва,Доска обрезная сорт 1 / Обрезная доска сорт 2.  Собственный автопарк! Доставка по Москве и Московской области.  Напишите,7879195467,https://www.avito.ru/moskva/remont_i_stroitelstvo/doska_obreznaya_sort_1_obreznaya_doska_sort_2_7879195467,https://00.img.avito.st/image/1/1.DTgkiLaAodEyKAPQMrRBOAAoo9WWP6XRlljA1ZaLoHORK6XLMigD0JI.tCdUwSalpqjdPFVBKYp8YIa3VprhwjpY3fA9oCADmug
6,Доска обрезная 50х150х6000,14 500 ₽,"Москва, Новомосковский административный округ, р-н Коммунарка",Компания — производитель пиломатериалов Stroy Tower предлагает приобрести доску обрезную 50х150х6000 по выгодной цене.,2481889700,https://www.avito.ru/mosrentgen/remont_i_stroitelstvo/doska_obreznaya_50h150h6000_2481889700,https://00.img.avito.st/image/1/1.HI48CbaBsGcqqRJmCFUwg-OqtGGerLBh-cm0YSqpEmaKrKrFiQqxZQ.AT3qX7_ZMLjUk_qrihg9nx2h4T7QBxdBc6NiJkopRgU
7,"Пиломатериалы Доска Обрезная Вагонка, Пол Брус",7 500 ₽,"Самарская обл., Тольятти",Не Пройдите Мимо! Загляните. При Покупке От 10.000₽ 4% Скидка Цена 7500р) Если найдёте дешевле звоните договоримся. Прод,1901594017,https://www.avito.ru/tolyatti/remont_i_stroitelstvo/pilomaterialy_doska_obreznaya_vagonka_pol_brus_1901594017,https://50.img.avito.st/image/1/1.W3Qvg7aB9505I1WcFfJaH8Ug85uNJveb6kPzmzkjVZyZJu0_moD2nw.EPAcoBWpO2_S_nbpwq-6gdC_vKK5_-iptx2pnqwyzIc
8,Пиломатериалы брус доска обрезная ту 50х150х6000,15 500 ₽,"Кабардино-Балкарская Республика, Нальчик",ООО Юг-Ресурс реализует доски обрезные из Северной древесины! Доставка в регионы!  ТУ 1-сорт.  Почему стоит выбрать имен,2757748624,https://www.avito.ru/nalchik/remont_i_stroitelstvo/pilomaterialy_brus_doska_obreznaya_tu_50h150h6000_2757748624,https://00.img.avito.st/image/1/1.lfyW_La6LxWgXbsVsLrl5l1fPxMG3zkXKn07FyBLOw.2UU1V83P02Kpg1l_dvSZJ89du8iJEn6Ai4K-A3vuRrY
9,Пиломатериалы брус доска,19 000 ₽,"Архангельская обл., Северодвинск","Пиломaтeриалы, доска обрезная и нeобpезнaя, бpус, фундаментные блоки, строганная продукция. Пилoматepиaл пpoизвoдитcя из",7247818913,https://www.avito.ru/severodvinsk/remont_i_stroitelstvo/pilomaterialy_brus_doska_7247818913,
10,Доска,6 000 ₽,"Ивановская обл., Иваново","Продам пиломатериал, доска, брус, заборная доска. Помощь в доставке, доска в наличии. Цену уточняйте по тел или в сообще",3023006303,https://www.avito.ru/ivanovo/remont_i_stroitelstvo/doska_3023006303,
