Название;Страна;Города присутствия;Услуги (унифиц.);Офиц. сайт / контакт;Проверка актуальности
СДЭК;Россия;Москва, СПб, Екатеринбург, Новосибирск (3000+ городов РФ/СНГ);"courier; pvz; warehouse; fulfillment; intl";https://www.cdek.ru;активен (200)
Boxberry;Россия;Москва, СПб + сеть ПВЗ РФ;"courier; pvz; fulfillment";https://dostavka.yandex.ru/boxberry-site/;АКТУАЛИЗИРОВАНО: boxberry.ru → редирект на Яндекс.Доставку (бренд влился в Яндекс)
Почта России;Россия;вся РФ (42000+ отделений);"courier; pvz; warehouse; intl";https://www.pochta.ru;активен (домен жив, 417 на HEAD-проба)
DPD;Россия;Москва, СПб + регионы РФ;"courier; pvz; cargo; intl";https://www.dpd.ru;активен (403 anti-bot, домен жив)
PONY EXPRESS;Россия;Москва, СПб + регионы;"courier; warehouse; fulfillment; intl";https://www.pony.ru;проверить на отправке
Деловые Линии;Россия;Москва, СПб + 200+ городов;"cargo; warehouse; courier";https://www.dellin.ru;проверить на отправке
СберЛогистика;Россия;Москва + сеть РФ;"courier; pvz; fulfillment; cargo";https://sberlogistics.ru;проверить на отправке
Яндекс Доставка;Россия;Москва, СПб + 1000+ городов;"courier; pvz; fulfillment; intl";https://dostavka.yandex.ru;активен
5Post (X5);Россия;сеть постаматов/ПВЗ в магазинах X5;"pvz; fulfillment";https://5post.ru;проверить на отправке
